{
  "q_table": [
    [
      0.8210916076662221,
      0.3807741061416508,
      6.577700148688787,
      -0.052446263422315176,
      -0.1278206444691172,
      0.4320626533075609
    ],
    [
      7.637146135450459,
      0.46898124393196083,
      1.3071072850689918,
      1.5888608459076625,
      0.15756956609934292,
      0.3096555918642418
    ],
    [
      0.34007056911414474,
      0.5340044374644753,
      -0.09741474771502323,
      0.8722666620989415,
      0.9696577311967951,
      5.335141627234679
    ],
    [
      5.760688308236887,
      0.2804574885922194,
      -0.09455678028786076,
      0.227004609588209,
      0.6712360142646348,
      0.34289494020585987
    ],
    [
      0.2202188948976574,
      0.4329858960907996,
      -0.03930644568836306,
      1.2251773678779772,
      5.80755071958806,
      0.29230646742364697
    ],
    [
      0.8328976013055287,
      1.013606846291106,
      0.8410042517657923,
      1.3157324905553083,
      1.0190093084400214,
      6.23295966903066
    ],
    [
      0.5909868624504684,
      0.05887428314919649,
      0.09779709316583235,
      5.2715903817824,
      0.7539817446862194,
      0.7893923714856693
    ],
    [
      0.39104467681791194,
      -0.05445552496362479,
      0.5742395294005328,
      0.8496314636962612,
      5.611142804557415,
      0.31876266992674973
    ]
  ],
  "episode_count": 1000,
  "total_reward": 868.0,
  "success_count": 692,
  "exploration_rate": 0.05,
  "learning_rate": 0.1,
  "discount_factor": 0.9,
  "episode_rewards": [
    2.0,
    0.0,
    1.0,
    1.0,
    -1.0,
    0.0,
    2.0,
    1.0,
    2.0,
    1.0,
    -1.0,
    1.0,
    2.0,
    1.0,
    0.0,
    1.0,
    1.0,
    2.0,
    1.0,
    1.0,
    -2.0,
    1.0,
    1.0,
    2.0,
    -2.0,
    1.0,
    2.0,
    1.0,
    0.0,
    2.0,
    -1.0,
    1.0,
    2.0,
    0.0,
    1.0,
    0.0,
    2.0,
    0.0,
    1.0,
    2.0,
    0.0,
    1.0,
    1.0,
    1.0,
    0.0,
    2.0,
    1.0,
    1.0,
    0.0,
    0.0,
    0.0,
    -1.0,
    2.0,
    0.0,
    2.0,
    2.0,
    2.0,
    0.0,
    1.0,
    1.0,
    2.0,
    0.0,
    0.0,
    1.0,
    1.0,
    0.0,
    1.0,
    1.0,
    2.0,
    0.0,
    1.0,
    1.0,
    0.0,
    2.0,
    1.0,
    1.0,
    0.0,
    -1.0,
    2.0,
    2.0,
    2.0,
    1.0,
    1.0,
    1.0,
    0.0,
    1.0,
    1.0,
    2.0,
    1.0,
    1.0,
    1.0,
    2.0,
    0.0,
    1.0,
    2.0,
    -2.0,
    1.0,
    -1.0,
    0.0,
    -1.0,
    2.0,
    2.0,
    0.0,
    2.0,
    1.0,
    0.0,
    1.0,
    0.0,
    1.0,
    2.0,
    2.0,
    0.0,
    0.0,
    2.0,
    0.0,
    1.0,
    -2.0,
    0.0,
    2.0,
    2.0,
    2.0,
    0.0,
    2.0,
    1.0,
    0.0,
    1.0,
    2.0,
    2.0,
    1.0,
    2.0,
    1.0,
    2.0,
    2.0,
    1.0,
    0.0,
    2.0,
    2.0,
    0.0,
    1.0,
    2.0,
    2.0,
    1.0,
    0.0,
    2.0,
    2.0,
    1.0,
    1.0,
    2.0,
    1.0,
    0.0,
    1.0,
    -2.0,
    0.0,
    2.0,
    2.0,
    2.0,
    2.0,
    1.0,
    1.0,
    0.0,
    2.0,
    1.0,
    1.0,
    2.0,
    1.0,
    1.0,
    2.0,
    1.0,
    0.0,
    1.0,
    1.0,
    1.0,
    2.0,
    0.0,
    0.0,
    1.0,
    0.0,
    0.0,
    0.0,
    2.0,
    0.0,
    1.0,
    0.0,
    0.0,
    0.0,
    1.0,
    -2.0,
    0.0,
    -2.0,
    2.0,
    -2.0,
    0.0,
    2.0,
    2.0,
    2.0,
    0.0,
    2.0,
    2.0,
    1.0,
    2.0,
    0.0,
    0.0,
    1.0,
    2.0,
    1.0,
    1.0,
    0.0,
    2.0,
    0.0,
    2.0,
    1.0,
    1.0,
    2.0,
    1.0,
    -1.0,
    2.0,
    1.0,
    1.0,
    0.0,
    0.0,
    2.0,
    0.0,
    1.0,
    0.0,
    2.0,
    1.0,
    1.0,
    0.0,
    2.0,
    1.0,
    2.0,
    -1.0,
    1.0,
    0.0,
    0.0,
    2.0,
    2.0,
    1.0,
    2.0,
    2.0,
    2.0,
    2.0,
    2.0,
    -1.0,
    1.0,
    1.0,
    0.0,
    1.0,
    1.0,
    2.0,
    1.0,
    1.0,
    2.0,
    2.0,
    0.0,
    2.0,
    1.0,
    2.0,
    0.0,
    0.0,
    1.0,
    1.0,
    2.0,
    1.0,
    1.0,
    -2.0,
    1.0,
    1.0,
    0.0,
    2.0,
    -2.0,
    1.0,
    0.0,
    1.0,
    2.0,
    1.0,
    1.0,
    -1.0,
    0.0,
    2.0,
    1.0,
    2.0,
    1.0,
    2.0,
    1.0,
    1.0,
    1.0,
    2.0,
    2.0,
    -1.0,
    -2.0,
    0.0,
    0.0,
    1.0,
    1.0,
    0.0,
    0.0,
    0.0,
    1.0,
    1.0,
    1.0,
    0.0,
    2.0,
    1.0,
    2.0,
    1.0,
    -1.0,
    1.0,
    -2.0,
    0.0,
    -1.0,
    2.0,
    1.0,
    0.0,
    0.0,
    2.0,
    2.0,
    2.0,
    2.0,
    1.0,
    0.0,
    2.0,
    1.0,
    -2.0,
    2.0,
    2.0,
    2.0,
    0.0,
    0.0,
    1.0,
    2.0,
    -2.0,
    2.0,
    2.0,
    2.0,
    1.0,
    2.0,
    1.0,
    2.0,
    2.0,
    0.0,
    1.0,
    2.0,
    0.0,
    2.0,
    0.0,
    1.0,
    2.0,
    0.0,
    1.0,
    2.0,
    1.0,
    2.0,
    2.0,
    1.0,
    1.0,
    1.0,
    -2.0,
    0.0,
    2.0,
    2.0,
    2.0,
    1.0,
    2.0,
    2.0,
    1.0,
    2.0,
    0.0,
    0.0,
    2.0,
    1.0,
    2.0,
    -1.0,
    1.0,
    0.0,
    2.0,
    0.0,
    2.0,
    1.0,
    2.0,
    2.0,
    1.0,
    1.0,
    -2.0,
    1.0,
    0.0,
    1.0,
    1.0,
    1.0,
    -2.0,
    2.0,
    2.0,
    1.0,
    2.0,
    -2.0,
    2.0,
    2.0,
    2.0,
    1.0,
    1.0,
    1.0,
    1.0,
    1.0,
    0.0,
    1.0,
    1.0,
    2.0,
    2.0,
    1.0,
    2.0,
    0.0,
    0.0,
    1.0,
    1.0,
    1.0,
    -1.0,
    2.0,
    0.0,
    2.0,
    1.0,
    -2.0,
    1.0,
    1.0,
    1.0,
    0.0,
    1.0,
    1.0,
    -2.0,
    0.0,
    1.0,
    0.0,
    0.0,
    1.0,
    1.0,
    1.0,
    2.0,
    2.0,
    -2.0,
    0.0,
    0.0,
    2.0,
    1.0,
    0.0,
    -1.0,
    1.0,
    1.0,
    2.0,
    1.0,
    0.0,
    1.0,
    1.0,
    1.0,
    1.0,
    0.0,
    0.0,
    1.0,
    1.0,
    1.0,
    2.0,
    2.0,
    2.0,
    2.0,
    1.0,
    1.0,
    1.0,
    -2.0,
    2.0,
    2.0,
    1.0,
    -2.0,
    2.0,
    1.0,
    1.0,
    2.0,
    2.0,
    0.0,
    0.0,
    -1.0,
    1.0,
    0.0,
    -2.0,
    1.0,
    1.0,
    1.0,
    1.0,
    0.0,
    2.0,
    1.0,
    2.0,
    1.0,
    0.0,
    0.0,
    -1.0,
    1.0,
    0.0,
    0.0,
    1.0,
    0.0,
    1.0,
    -1.0,
    0.0,
    1.0,
    1.0,
    1.0,
    2.0,
    1.0,
    -2.0,
    0.0,
    1.0,
    -2.0,
    2.0,
    0.0,
    0.0,
    -2.0,
    2.0,
    0.0,
    0.0,
    1.0,
    0.0,
    2.0,
    2.0,
    1.0,
    -2.0,
    0.0,
    2.0,
    2.0,
    -1.0,
    2.0,
    2.0,
    2.0,
    2.0,
    1.0,
    0.0,
    1.0,
    1.0,
    2.0,
    1.0,
    -1.0,
    2.0,
    2.0,
    2.0,
    2.0,
    0.0,
    2.0,
    1.0,
    0.0,
    0.0,
    1.0,
    1.0,
    0.0,
    2.0,
    2.0,
    -2.0,
    2.0,
    0.0,
    2.0,
    1.0,
    1.0,
    2.0,
    1.0,
    2.0,
    0.0,
    2.0,
    0.0,
    2.0,
    1.0,
    1.0,
    1.0,
    2.0,
    0.0,
    0.0,
    1.0,
    2.0,
    2.0,
    0.0,
    0.0,
    1.0,
    -2.0,
    0.0,
    2.0,
    1.0,
    1.0,
    -2.0,
    2.0,
    1.0,
    2.0,
    0.0,
    1.0,
    1.0,
    2.0,
    1.0,
    0.0,
    2.0,
    1.0,
    1.0,
    1.0,
    0.0,
    1.0,
    -2.0,
    2.0,
    2.0,
    0.0,
    2.0,
    2.0,
    1.0,
    1.0,
    1.0,
    1.0,
    1.0,
    0.0,
    0.0,
    1.0,
    1.0,
    2.0,
    1.0,
    2.0,
    1.0,
    2.0,
    1.0,
    2.0,
    1.0,
    1.0,
    0.0,
    -2.0,
    0.0,
    1.0,
    1.0,
    1.0,
    2.0,
    2.0,
    -1.0,
    2.0,
    1.0,
    1.0,
    0.0,
    1.0,
    -2.0,
    -2.0,
    1.0,
    -1.0,
    0.0,
    2.0,
    1.0,
    2.0,
    2.0,
    1.0,
    0.0,
    2.0,
    -2.0,
    0.0,
    -1.0,
    1.0,
    2.0,
    1.0,
    2.0,
    1.0,
    1.0,
    2.0,
    2.0,
    2.0,
    0.0,
    1.0,
    2.0,
    2.0,
    2.0,
    1.0,
    1.0,
    0.0,
    0.0,
    2.0,
    2.0,
    0.0,
    0.0,
    0.0,
    1.0,
    1.0,
    2.0,
    2.0,
    1.0,
    2.0,
    -1.0,
    0.0,
    1.0,
    2.0,
    -2.0,
    -1.0,
    1.0,
    2.0,
    2.0,
    1.0,
    -2.0,
    2.0,
    2.0,
    2.0,
    1.0,
    2.0,
    -2.0,
    -1.0,
    0.0,
    1.0,
    1.0,
    2.0,
    0.0,
    1.0,
    0.0,
    0.0,
    1.0,
    2.0,
    1.0,
